"","D-Sas4_1","D-Sas4_2","D-Sas4_3","D-Ssas6_1","D-Ssas6_2","D-Ssas6_3","SakOE_1","SakOE_2","SakOE_3","w67WT_1","w67WT_2","w67WT_3","OregonRWT_1","OregonRWT_2","OregonRWT_3"
"CG42694",5.287728374,5.616155807,5.589011293,5.842979952,5.21324038,5.580437377,6.219033455,5.99410151,6.290838829,6.376295673,6.56927389,5.874821011,5.19447643,5.365337877,5.18194743
"lncRNA:CR42862",7.52055939,6.566016379,7.585185038,5.686121196,5.666799163,5.315867887,6.005241955,6.145790519,6.749559905,6.941780721,7.124056755,7.293294054,5.65286769,7.012822185,6.274445126
"CG43085",10.52063771,10.80719338,10.25180017,9.57495474,9.395665391,9.652883978,6.887854569,5.880817733,4.79603209,9.98769432,9.70625344,10.09946472,9.543200235,8.896929435,9.270248622
"lncRNA:CR32027",7.329225072,7.089543286,7.242927376,8.677640051,8.935054382,8.909972663,6.127196484,6.410606306,6.619821704,8.72292465,8.67814568,8.833115788,8.459051258,8.833979826,8.870149414
"CG13639",4.615687301,4.569848739,4.609443875,4.218080405,4.367281624,4.186261751,5.015284492,4.993266629,4.993266629,4.597091479,4.388849209,5.202620009,3.89593274,4.017906764,3.913565447
"CG43117",4.399360142,5.019134804,4.438058015,5.79308546,5.704407806,5.768582146,4.973184097,4.978447362,4.468525264,5.079251378,5.534778536,5.097820088,5.488480545,5.76934157,5.835409736
"lncRNA:CR43242",4.407658942,5.263580248,5.038598664,6.387844156,6.540083591,6.514393335,5.88061536,5.812028618,5.621261384,6.695396889,6.56941662,6.371247423,6.888619007,6.986825345,7.112177607
"CG30379",6.113835177,5.900659464,6.291844706,4.878257787,4.965172396,5.288907912,5.866116224,5.500689254,5.47434457,6.346985284,6.335820816,6.590427204,6.058883016,5.777085606,6.325281394
"CG30403",4.099181581,4.303799362,4.182875365,2.906886441,2.906003603,2.800156764,4.554162302,4.565932342,4.326621249,4.229097621,4.26400756,4.055892556,5.652685994,5.330227167,5.974905649
"bru2",4.064662721,4.284916356,4.387487417,3.958014694,4.217920283,4.003324309,3.652879445,3.915868634,4.126814116,4.436865724,4.368403753,3.926213078,3.186775826,2.927559293,3.138357234
"CG31495",5.309793897,4.626437698,4.824609217,2.512475502,2.599181877,2.524602205,4.23017367,4.395954573,4.311192082,3.916965655,3.831923926,3.873835438,4.030508373,4.083029164,3.652350571
"CG15744",6.548766311,6.816304164,6.86925504,5.458453918,5.690830863,5.596427935,5.937845574,6.136573858,6.696764785,6.449952685,6.631295058,7.103957443,5.99107694,6.598274188,6.243319056
"CG42458",4.694473178,4.515608235,4.786388319,5.537145801,5.5322404,5.927436143,4.93680478,4.792047607,4.727381511,4.868206473,5.262642378,4.645474703,4.509484338,4.734317161,4.740684627
"CG13064",7.257191966,6.964406036,7.487712372,6.662209472,6.958044477,6.734858723,7.616900337,7.880694516,8.273272201,6.281854916,6.444357893,6.750791383,6.16476003,6.362702343,6.2689433
"Cyp4g1",2.822329704,6.050126318,3.69008197,8.998636937,8.921932787,8.98896621,3.310516023,3.76756467,4.16097877,8.147913249,8.817048758,8.307543079,8.718614107,7.294184053,7.451179971
"CG14785",3.164835004,3.164835004,3.178951658,2.729199784,2.731588823,2.842826912,3.056557851,3.084940202,2.728543453,2.85523274,3.165013328,3.244896915,4.817493221,4.757012241,5.096063497
"trr",5.901519833,5.998255277,5.827919382,4.702817915,4.315258784,4.764685499,5.689293412,5.489498264,5.767181198,5.903290604,5.64032812,6.434843467,5.569121566,5.608749339,5.478293901
"CG32801",3.519291854,3.596907953,3.419011111,3.668491528,3.801092525,3.701562287,4.929015219,4.829401172,4.586526319,3.676987956,3.962241104,3.811900841,3.02728154,2.917453099,2.9115695
"Cyp4d2",5.204456681,5.993939812,5.810868971,6.760483204,5.951121835,6.070805595,6.054252671,5.739756645,5.688627498,5.461710006,6.129133721,6.073466912,5.144859448,5.068728654,4.97088714
"CG3091",5.364254778,5.417637062,5.423473149,4.509283835,4.528461789,4.528461789,4.956422397,4.928089224,4.778171228,5.441564391,5.4131461,5.429315001,4.404915378,4.378013153,4.410421743
"gt",2.287746203,2.244449906,2.636557309,2.186081697,2.194620917,2.339448685,2.180955343,2.2010614,2.228337282,2.174550381,2.244449906,2.244449906,3.513434159,3.355441586,3.339442731
"sgg",9.507607722,8.796611039,9.664810825,7.933414675,8.860148454,7.886642708,9.394345014,9.380066931,8.952043335,8.427509061,8.619722993,8.494887599,9.780934249,9.665452775,9.704474013
"per",3.546915996,3.438677215,3.717637445,3.120436012,3.029336132,3.108359225,3.270049916,3.243730134,3.345356175,3.273228739,3.778216131,3.542776591,4.145021932,4.307977269,3.863013931
"CG2680",3.393612949,4.020621399,3.714162657,3.956736924,3.504695613,3.958411208,3.736768637,3.736768637,3.474483815,3.840046723,3.867474524,3.999427572,3.035905027,2.601858987,2.991700134
"CG32795",8.664898874,9.02678098,8.83415688,9.114122708,9.159680483,9.194478327,9.028352607,9.082481497,9.110297559,9.379411001,9.482914529,9.406979757,8.318479523,8.286293974,8.267177132
"w",5.072272393,4.629102216,5.684925463,2.20581428,2.18673313,2.18673313,9.075367955,9.223598643,9.134320334,2.920367339,2.661382624,2.657746202,5.480944326,5.514952379,5.500969049
"DIP-alpha",3.658455662,4.27048052,3.626014517,5.203504829,5.218143211,5.273589175,5.634224683,4.979111675,5.045594672,4.947637535,5.276261317,5.397476266,4.204501219,4.621688653,4.749178941
"ec",3.251276221,3.25914916,3.322606593,4.677676901,4.15039816,4.513326425,4.207958378,4.104390418,3.726566852,3.267071539,3.242956096,3.263239906,3.326524593,3.333908672,3.326524593
"norpA",9.237210506,9.539584078,9.513731031,10.48713756,10.29438569,10.43656992,9.680466802,9.542707818,9.681071941,10.00844917,9.793026674,9.73461445,8.89139419,9.302365869,9.022447264
"CG42699",3.670575892,3.670356902,3.668389877,2.671272343,2.610523608,2.598604584,3.024013543,3.023154834,3.023917894,3.669732995,3.674735758,3.669109087,3.424945589,3.54900684,3.452245191
"Nep1",5.076652761,5.382619361,5.295758909,4.382555664,4.078473762,4.325522004,4.937965695,5.085951639,4.92524201,5.286503762,5.611715585,5.695459532,5.209246217,5.352713898,5.129694229
"dtn",2.978916358,3.005568093,3.235688225,2.88860078,2.618249676,2.618249676,2.454668442,2.504200214,2.491826459,2.751283371,2.69615888,3.006895097,3.398018388,3.599911355,3.600768748
"CG34417",5.392398293,5.73314984,5.723652372,5.129520808,5.126559204,5.114056008,4.757595307,5.03126518,4.871890484,5.414906659,5.399437793,6.024207113,4.5391829,4.517788554,3.868906112
"CG2233",5.378993355,5.309566991,4.82895144,5.357728003,5.104802518,5.419504094,4.971324278,4.539334781,4.991886496,5.372087035,5.575803528,5.643506076,4.441717475,3.949559777,3.870942713
"fs(1)h",7.240489773,7.644120208,7.507885218,8.227644259,8.298194372,8.096241156,6.92927792,6.709944332,7.089773966,7.407413764,6.853085563,7.34528628,6.842697542,6.629499084,6.080234583
"Ldsdh1",5.277092018,5.628072126,6.140082069,5.924220848,5.627433359,5.932681201,5.850402293,5.895634356,5.649354946,5.95602391,5.986688101,6.365324279,4.935860596,4.722202248,4.865474429
"Corp",4.009165347,3.968356778,4.247159199,3.411501312,3.43365988,3.409794107,3.380079901,3.32414042,3.298343345,3.550112851,3.707732465,3.793930321,4.496126619,4.595684537,4.643206251
"CG15343",8.018054714,6.186929572,5.413497237,4.719463256,4.252656786,4.87596115,5.418838586,5.598384861,4.755637828,5.396965332,4.639569431,4.992289312,4.618685143,4.750449121,4.771475058
"CG32195",5.685831664,5.818355119,5.801864903,6.361771293,6.194273974,6.434013558,5.254324618,5.046358074,4.863030199,6.182223054,5.960018379,6.404573727,5.878492608,5.84735989,6.120707271
"tut",6.253686515,5.781866251,3.497146462,2.182949534,2.182949534,2.182949534,2.33670143,2.33670143,2.33670143,3.268428219,3.237836262,3.008329844,2.927969426,2.913662751,2.695108669
"CG32368",4.790346098,5.049912163,4.805733072,5.645636823,6.256087151,5.862583069,6.1521872,5.911560796,6.273548857,6.520209593,6.315241889,6.060878759,6.075438255,6.196707694,6.275766265
"CG32373",6.314361743,6.809827511,6.728366711,7.755174405,7.522776054,7.655499323,7.808628024,7.517135497,7.845878185,7.684061892,7.681439409,7.643236982,7.552324259,7.533685327,7.413919971
"CG10962",5.39490055,4.983128352,5.358435758,5.375549199,5.625926113,5.152444385,6.312998648,6.815900993,6.539433711,5.064829414,4.896112881,4.999951029,5.728343536,5.534817012,5.759928146
"CG31157",7.006628296,7.054286387,7.024339855,2.185193213,2.242785496,2.185193213,2.180955343,2.180955343,2.180955343,2.381634127,2.517169835,2.519408829,2.541756963,2.390913056,2.57753832
"CG31174",5.058988764,4.694977754,4.399230007,4.436271263,4.819227553,4.741073873,3.83155835,3.801052705,3.412799347,5.287940557,4.836113037,5.019166815,4.260436126,3.937023353,4.582223577
"CG31287",6.472237394,6.572130348,6.976908276,2.177728981,2.177728981,2.177728981,2.180955343,2.214360087,2.182240025,2.547003833,2.684099586,2.547003833,2.980419968,3.14502744,3.161260802
"CG31337",7.236959348,5.14341939,5.150394111,4.215805974,4.190278442,3.522586228,4.561058801,4.781432302,5.479407607,5.996977433,5.155032905,5.257091809,4.251970499,4.021064691,4.07983101
"dpy",6.563777212,5.486100041,6.33312556,7.689250932,7.282327607,7.231148085,6.426277397,6.387356037,5.947394141,6.016331658,5.969977388,5.982451904,6.100089016,6.26480446,5.876981732
"CG33062",3.818491198,4.348203187,3.979001899,4.162122416,3.879117644,3.857914487,5.83161559,5.282457973,5.579869177,3.378787746,3.871191817,3.887077331,3.33545945,3.256831712,3.087262117
"SmydA-4",4.968520347,4.98326888,5.108492982,4.227205395,4.136676157,4.393307042,3.992252451,3.968413775,3.566398117,4.730010802,4.98326888,4.998017413,4.57021082,4.211615212,4.285197392
"PGRP-SA",3.838678048,3.694189839,4.569200029,2.519559047,3.067834851,2.734450578,2.981134125,3.634089608,3.934608667,3.304804914,3.321732939,3.307094269,3.828653489,4.440167824,4.692925917
"Met",4.637828577,4.408599269,4.762834647,4.259486421,3.868604953,3.811098839,3.50543387,3.481722954,3.713923544,4.760877196,4.663655442,5.042283897,4.294561846,4.468076115,3.815277004
"Ptp10D",3.516032822,3.389905675,3.349307593,2.471963524,2.516781766,2.578038163,2.571883667,2.699238722,2.798485153,3.390001028,3.390001028,3.85632287,3.198775827,3.190904961,3.164279267
"CG2444",8.321145587,6.602787194,8.416178109,6.966962716,7.708466477,6.172189895,7.824815067,7.434950977,8.060278464,7.062619778,7.458867354,6.754233094,6.300621956,6.590804265,5.848642569
"hwt",3.333486028,3.342162955,3.523445531,4.438886161,4.395054525,3.684711455,2.569147676,2.550577759,2.569555789,3.302329586,3.113419482,3.874431879,2.882924158,3.100785028,2.780539441
"CG15725",2.90861506,2.810916911,2.797577838,3.840154973,3.848261271,4.067713683,2.279978031,2.27267054,2.281002247,2.898639423,2.84905727,2.915761664,2.928353796,2.931614819,3.052211115
"GstT4",6.047017289,6.474032337,6.593933035,7.150410213,6.906923328,7.056914345,8.155811092,7.964551916,7.885453198,6.50853547,6.633251486,6.128186884,6.998227155,7.245100906,7.962788795
"CG15756",6.567131303,5.754602386,5.765086206,6.693547827,7.300271213,6.391711112,7.224240061,7.648418534,7.690301708,6.910534027,6.562540027,6.899058597,7.706967126,7.232087277,6.800649577
"Tpst",2.825297235,2.682596875,3.101871684,3.923775273,4.08986842,3.832211458,3.213365993,3.188077961,3.256878274,2.734309023,2.905355805,2.933847549,2.423625445,2.618487726,2.420061221
"inaE",3.460147082,3.421967753,3.650206694,3.850290303,4.487287092,3.810635455,3.335195323,3.261868815,3.344163383,3.531101027,3.398115978,3.264085944,2.865055453,2.834607364,2.859980771
"be",6.966946497,6.495317227,6.308723677,5.94963606,5.836341454,5.827144522,5.812709654,5.821485341,5.996537886,6.34496222,5.819659666,5.797049232,4.958064313,5.299840759,5.48591444
"Ada2a",4.324035631,5.689256103,5.224785854,7.114145157,6.855014022,7.147804053,6.837698885,6.901239215,6.86697909,6.503101096,6.439729806,6.943803532,6.663049207,6.406876736,6.724254863
"CG32572",5.255457035,5.247386919,5.707214041,6.081538212,5.684108098,5.867812456,5.707349814,5.518591676,5.032588038,6.887064132,6.953339911,6.847724845,5.526647782,5.125920176,4.972585249
"CG4949",3.764610214,3.549781208,3.584416721,3.155870503,3.217129533,3.204071886,2.740405107,2.708857983,2.423181652,3.548230919,3.548230919,3.548015205,4.164159721,4.16175955,4.162561372
"mnb",3.958269449,3.769925863,4.015760801,6.283195624,6.147691809,5.069832498,3.694828736,3.827555619,3.605868691,3.901002238,3.792846233,3.839130563,4.100809369,4.547231899,4.269513869
"CG7135",5.507293916,5.560682334,5.385081514,4.727114702,4.565246133,4.771130589,4.840369446,4.724285965,4.784374195,5.281651593,5.371955133,5.357865556,3.939756455,4.678749529,4.304696378
"CG14191",5.012152129,5.010467891,4.892502626,4.620674969,5.075918619,4.637683007,6.104517025,6.66701692,6.608595728,5.189351637,5.249983411,4.952068427,3.445951954,4.257378388,4.220782018
"CG8034",4.725600733,4.988719691,5.023530861,4.070386191,3.596562418,3.713560363,4.47661353,4.457290454,4.456411245,4.870212592,4.607965425,5.34244258,4.314627245,4.578450783,4.370553663
"CG34331",6.724148686,5.291763813,5.196994624,4.114521191,4.33841941,4.310365462,4.963167694,5.215806127,5.343993913,5.482143013,4.507935833,5.364425919,4.099838876,4.369663782,4.682107974
"CG1695",4.475497713,4.787076355,4.912969765,4.09032654,4.249362066,4.180860528,3.503467675,3.487643949,3.866862878,4.753819153,4.53204528,4.788881407,3.836576865,3.765114029,3.852430625
"shakB",5.653996221,5.195380109,5.608327803,6.329444957,6.40632185,6.197814925,5.454759635,5.436438427,5.48710899,6.218693282,5.585567282,5.667081667,4.723621213,5.009613873,5.079451683
"tty",5.157474412,5.138205644,5.367602445,5.328113283,5.27921134,4.721590693,4.043323876,4.025195185,3.930772826,5.162794454,5.162794454,5.162794454,4.939448436,5.217279792,4.852449194
"shv",10.3532657,10.04889786,9.911485785,10.04478436,10.10116197,10.0408145,11.29795925,11.32359583,10.9626784,10.13281012,10.08552391,9.933724912,10.23330949,10.19925514,10.26369256
"nAChRbeta3",5.660803196,3.899007355,3.917613963,2.757501118,2.929823835,2.855258526,3.892923511,3.862178593,4.210004771,4.095466073,4.211198172,4.099472587,3.516527867,3.346422305,3.742527223
"CG4259",7.397847661,4.470411185,4.624137712,2.704215548,3.444219349,3.4047134,4.165100639,4.386879418,4.788047379,5.495303701,4.962012078,4.760541823,4.146083175,3.660206535,4.726037653
"CG15385",4.647633675,4.665024907,4.682218871,5.268390832,5.534167021,5.270876421,4.407894318,4.545051545,4.464330291,4.618930109,4.806253584,4.326392676,3.928403517,3.667142285,3.746811316
"dpr4",3.001500041,3.189930737,3.131900915,2.854426301,2.806011223,2.854769147,4.616869593,5.020930117,4.550860552,3.203396378,3.146708751,3.135721613,2.863798458,2.916370319,2.916370319
"scaf6",8.243959756,8.240519589,8.625227204,9.384303465,9.396529082,9.551023304,8.269922862,8.246290305,8.083149586,9.499603985,9.416107468,9.470499057,9.367363076,9.45678444,9.407010557
"Gfat1",6.577004586,6.151215896,5.546058942,6.026132415,5.308539697,5.703409495,5.15882608,4.864770247,4.176281813,5.69751041,4.707875006,5.236300844,4.370424267,5.332370615,4.548414333
"Alg-2",3.138855061,3.061493459,3.227777392,4.43953266,4.365778689,4.213554108,3.048383067,2.990204888,2.927221897,3.03520545,2.921877751,3.07319652,3.662219146,3.608461776,3.368076544
"FASN3",3.463325984,5.371702749,5.016842887,7.14730967,8.110616291,7.491567771,4.188741703,3.469277105,5.508741247,5.784773921,7.660264197,7.11672894,5.487048505,5.354468505,6.22816033
"CG40006",4.730115944,4.136600701,4.759580771,5.078065833,5.293210938,5.259699092,3.88988984,4.99469143,4.845769125,5.079643767,4.692688563,4.95060792,4.061299674,3.838687262,3.956630588
"Sr-CI",4.98920581,4.466676969,4.375346505,2.96726665,2.630116046,3.17628236,3.72084347,3.567689026,3.534930903,3.895648894,3.715849963,4.215621442,2.971533346,2.748448244,2.812546258
"Col4a1",8.915739088,8.260555895,8.217229998,7.433277219,6.925113101,7.78558256,7.769303253,7.193955412,7.251430239,7.836558068,7.7749016,8.191883768,7.662882782,7.213814835,7.242774298
"Gpdh1",5.044957132,4.772454621,4.629887422,3.896246958,3.559842117,3.903054595,3.754189397,3.674374946,3.550461605,4.772986766,4.6761591,4.947531462,4.179371237,4.066416099,4.182159813
"CG13775",3.455681216,3.920768633,4.002025681,3.27891773,3.309908973,3.27891773,3.008192726,3.008192726,3.008151848,3.509792295,3.420438131,3.266416644,4.006270201,4.033509399,4.280862411
"Pcp",6.316092324,5.721254991,6.608614618,5.518163084,5.678550549,5.640207234,6.329639009,5.478765382,6.263468053,5.949454048,6.170214703,5.828532,4.14525357,4.471292731,4.949003024
"Ndae1",4.145329038,4.089751672,4.202903135,3.514170867,3.509994987,3.490673879,3.596650574,3.781112841,4.358249938,4.245841371,4.087602758,4.095436881,2.460661695,3.168586977,3.012664317
"RapGAP1",3.938604901,3.957144337,4.313127605,5.641427837,5.324093554,5.321913051,4.454662273,4.752249497,4.455562381,3.921847504,3.938604901,3.7448415,4.502476849,4.733906505,5.124965157
"LKRSDH",5.740613917,5.084876034,5.100786493,3.672954488,3.747417883,3.69671064,4.120131712,4.120131712,4.459466884,5.01593342,4.779415097,5.107850997,5.785190116,5.883160447,6.062280641
"Sema1a",6.687328086,7.025864929,6.922779191,8.158446937,8.233314658,7.237529351,6.195040726,6.222478543,6.586081022,6.922383096,6.334543376,6.728477954,6.147220712,6.340354512,6.083941316
"Glt",9.415976042,8.055026034,8.56587392,6.846554912,7.426483862,7.181485562,7.657725597,7.764406286,8.224085485,7.957132203,7.829259268,8.377815158,7.190813134,7.452268604,7.139649452
"CG13101",4.976969608,4.992419966,5.512905792,4.517275976,4.543070898,4.63412038,4.45935168,4.98371617,4.553536993,4.993150322,4.89886277,5.001140992,5.146921955,5.876535086,5.855878251
"Fbp2",4.760738633,4.527854726,3.231519491,4.193216636,4.581723978,4.397050528,4.447144568,4.219140997,4.589354654,4.34622409,4.846931483,4.820024996,3.856724609,3.479818238,3.447115406
"FucTB",4.807950834,5.256460797,4.960011553,5.038786814,5.132167444,5.300062789,5.467212033,5.310873831,5.501748793,5.08060843,5.081722831,4.874916801,6.276862596,6.230011995,6.442227742
"Hand",4.608500861,4.380903102,4.164216492,4.650411831,3.842797045,4.602572258,3.897861121,4.188057006,4.056745274,5.027590786,5.329965914,5.164079161,4.782560704,5.114796076,5.962030662
"CG7294",4.358533019,3.842937992,3.750026288,3.535348954,3.449578826,3.449578826,2.859427778,2.859427778,2.859427778,3.170749298,3.77119562,3.771513837,4.01267079,4.352706615,4.211459945
"CG16743",3.551507181,4.011825041,3.615454103,4.214855751,3.899542222,4.028331091,4.064970474,4.014032991,3.433422247,3.666889085,3.805826041,3.659594004,2.983334307,2.633086448,2.913605529
"CG14937",4.448690028,4.448690028,4.455300152,4.430353277,4.458778527,4.473220318,4.029481616,4.029481616,4.029481616,4.625892655,4.442079903,4.455255224,3.518356021,3.501516642,3.501516642
"atilla",7.124007158,6.366653325,6.629591617,5.765823427,5.872731791,5.792124659,5.873560481,5.794072588,5.841419012,6.015168169,6.32745245,6.387838095,4.85616013,5.201666499,5.057856388
"NimB4",5.66405952,3.684750435,3.854873043,2.555617672,2.728723639,3.26638337,3.438494155,3.453841349,3.515478649,3.671243419,3.760821129,3.760821129,3.000567413,2.981770419,3.063345128
"rk",3.473131604,3.43442825,3.328201181,3.280321088,3.966089987,3.288687511,3.799878931,4.08900892,4.228324354,3.953847011,3.529759059,3.190026076,4.743075394,4.966513648,4.594502645
"Pburs",4.412646016,4.517768041,4.517768041,3.507740116,3.396805299,3.349926196,3.995131645,3.838042303,3.978253191,4.645732812,4.385619672,4.61907521,4.292508181,4.213911521,4.212043944
"beat-Ic",4.896517952,5.330249517,5.243412116,5.48403494,5.703883588,5.254440671,4.941316548,4.92573275,4.924866112,5.372153719,5.473781321,5.325240587,4.268628825,4.615687132,4.557353188
"c(2)M",2.514885678,2.542537925,2.426462217,2.982023537,3.026903343,3.013602948,3.485575239,3.45134528,3.350630288,3.667829663,3.73013757,2.40142734,2.371015884,2.466096435,2.369937087
"yellow-b",6.833262042,6.819880937,7.517238398,6.738462645,7.136465688,6.899877584,6.247146848,5.858110508,6.424980277,6.714833798,6.24997442,6.435798663,5.948469918,6.166681779,5.908157406
"Cyp310a1",7.225594976,7.91291114,7.544508504,7.495149615,7.204925518,8.135592835,7.714271723,6.869516306,5.771482825,7.896643186,7.930048199,8.250275309,8.440550891,7.157944307,7.606360683
"Ddc",8.251712882,8.024222166,8.270403947,7.923542962,8.129800268,7.549205788,7.944091121,8.293727576,8.128584004,7.92467498,7.995395568,7.533279998,7.00745161,7.07707426,7.18044501
"Lectin-galC1",2.476155489,3.455163984,4.106429894,5.892900914,6.115428761,5.760034264,3.082990382,2.495354426,2.976360122,4.139769168,6.54602003,5.615124075,3.38039296,3.297340807,3.465116898
"Oseg5",4.095599457,3.578438299,3.819981536,2.820789844,2.922085682,2.934838837,2.769599561,2.777429839,2.817974439,3.648290033,3.057411903,3.636838776,2.690944624,2.449584851,2.683827412
"CG31676",6.732714983,7.731672672,7.372565708,7.78547273,7.435765818,7.561963167,7.993198645,8.224790546,8.304754855,6.680755218,6.659455576,5.905725361,7.768816599,8.121766885,7.960829264
"del",7.717722875,7.817382629,7.42805309,6.298453522,6.611234168,6.387859534,6.996677465,6.737198283,6.858185964,7.01730921,7.190715625,6.68266214,6.409004506,6.321427835,6.093518581
"CG8245",2.218867477,7.141347274,4.939555045,5.878732881,5.863971544,6.047466486,6.071687862,6.272148831,7.277585516,2.292904031,2.253005161,2.25254469,7.365438203,8.246857338,7.851253457
"scaf",9.357536293,8.97393623,9.282942888,8.645051665,9.072991325,8.763866666,8.431990006,8.331321057,8.370682696,8.420440039,8.624084476,8.520661374,8.315575043,8.170227788,8.046747117
"Hsepi",3.368010566,3.731573588,3.731573588,2.623497016,2.586960134,2.642398948,3.072445207,3.131543189,3.154123712,3.732271757,3.758300823,4.064101594,3.426589793,3.408200991,3.289825091
"Lcp3",3.240979039,3.223713535,3.241026597,2.862046218,2.862046218,2.750305205,3.650175889,3.601932571,4.959369156,3.275797773,3.275808119,3.247513346,2.294370903,2.294370903,2.294370903
"Cyp4e2",9.940656869,8.966565271,9.179949897,9.077601018,8.784901492,8.821602418,8.780733679,9.045218944,9.346936868,8.419760779,7.903515559,8.35045081,8.138626162,8.067808012,7.955900938
"PPO2",10.8656867,9.15905284,8.496948651,7.45606543,5.721380054,7.501941494,8.231251876,8.007193654,7.773561524,7.655127558,6.712133894,8.026104687,7.231087196,5.813297156,5.914322877
"GstE13",8.563923825,9.92276687,9.311246282,10.27746504,10.18128182,10.31738827,10.2812197,10.15103669,10.09225537,10.35175671,10.35774971,10.39028062,10.33771684,10.3154004,10.3162026
"Cyp4p2",8.718285566,9.209737506,9.497255907,9.138571938,9.843940413,9.73966386,10.26204147,9.894803563,9.978723457,10.61824241,10.68988038,10.79522577,10.13949739,10.0066444,10.17909017
"CG11825",3.325076961,4.004459044,3.880420599,2.81879051,2.851152638,3.056962309,3.403361256,3.105022587,3.163392081,3.871861829,4.04939254,3.911979968,3.369676475,3.202087301,2.884228127
"jeb",3.03461899,2.839790299,3.722202855,4.793467781,3.963952412,3.869392091,3.194740137,3.408035243,3.519894938,2.946710683,2.868549215,2.82095208,2.630340792,2.852882744,2.445435806
"Cpr49Ah",6.196571515,6.600062669,6.14986227,6.308712503,5.810776523,6.324193179,5.358312299,3.588538985,3.511845464,5.494251596,5.960011475,6.02091729,6.131318441,5.087495944,6.010084596
"Cyp301a1",4.18373715,4.339913353,4.469586903,3.495087317,3.495087317,3.510230655,3.246674915,3.30857338,3.221627722,4.317605062,4.321347603,4.325090143,4.01258535,4.07376645,3.990794079
"CG6357",11.46368871,11.44873956,11.58160811,11.62421147,12.39399233,11.44513782,11.05768788,10.97192285,11.19763271,11.21905216,11.12086007,10.88102606,10.60534935,10.71277325,10.49620443
"Arc1",6.969299386,7.668911487,7.224808471,8.394995663,7.93161207,8.42284424,6.727213849,6.922941411,6.921036053,7.371210882,6.665601796,7.583254738,7.19468976,6.89783476,6.783418761
"CG8405",5.722368988,6.385803759,6.617574012,5.442031576,5.470084152,5.322896429,5.774686145,5.699159857,6.091590481,6.186449389,6.368595742,6.807951345,6.124195155,6.098366173,5.845389578
"krimp",5.630134855,6.454411105,5.542132511,4.876340403,4.597706824,4.350981026,3.842384415,3.735909792,3.837239093,5.166979256,5.005825737,4.010895619,3.777592501,4.429611083,4.456002841
"CG10953",3.557072272,3.557072272,3.558488197,4.599118931,4.621006378,4.600194567,4.175074669,4.177671903,4.26047621,3.557072272,3.557072272,3.557072272,3.969782347,3.969782347,3.969782347
"mbl",6.446958014,5.680414846,6.484691936,7.673937203,7.503391258,6.268934299,6.051698769,6.180505105,5.851292978,6.106353448,5.478402609,5.197788873,5.575265153,5.285593919,4.985922312
"PPO1",9.664512236,8.256819078,7.129825859,6.520000766,4.50523314,6.341865384,7.129016088,7.258281359,6.710159583,6.340147484,4.506918395,6.653514507,5.960324562,3.409511707,4.211095807
"GstE2",5.396076562,5.590533484,5.497569396,5.272382198,4.831215983,5.940576169,5.42384495,4.827298939,3.830156612,5.801213351,5.582916166,6.158520051,5.119302271,4.481971938,5.334887548
"Pepck2",6.13306308,5.386599529,6.263908194,6.616524101,6.602485583,6.382187755,6.890114029,6.791892482,6.917612831,7.237467511,6.723672087,6.920051894,6.385460777,6.765429019,6.851281687
"sm",9.770424004,9.063463088,9.758658412,10.58022451,10.46297198,9.647602605,9.235437287,9.510274279,9.688763802,9.392303559,9.046437169,9.118678825,9.360244256,9.582169145,9.243569533
"Obp56a",8.824861837,8.161377532,8.581260131,8.815706708,8.751358299,8.976122659,8.196357457,7.975679939,7.563556306,8.918627642,8.698096034,9.206206223,8.338832786,8.610525942,7.777403679
"Obp56d",3.834903317,3.288292082,5.039808716,2.497968636,3.177049832,3.004495255,4.573142043,3.684297501,3.97805548,3.788075562,3.834903317,4.472341947,3.550161183,4.125210118,3.07786745
"side-VIII",4.624656772,4.605299539,4.647217389,4.774872479,4.927652195,4.849815054,4.76674584,4.756240672,4.522361063,4.883260157,4.991384807,4.67340891,3.672083462,3.745193125,3.744920317
"Lrt",3.891475068,3.950776371,4.074187667,3.378691658,3.399247288,3.396317422,3.024099269,3.149063701,3.061939468,3.730107085,3.862392437,4.644843709,4.610442034,4.503218012,4.567276448
"hpRNA:CR33940",8.591171732,8.66255036,8.16683263,8.112568793,8.169252132,8.321174762,9.048794139,9.062217996,9.119252324,8.481298757,8.229818597,8.447172421,8.020992662,7.99302584,8.063117985
"Msp300",4.257439626,3.706219958,4.207921842,5.934225896,5.064073369,4.425814197,3.957174871,4.038470216,3.422675562,4.352917499,4.261186334,4.375503463,3.542538959,3.976049294,4.0507576
"St3",3.945198673,3.807701218,3.826734347,3.880414271,4.108561266,3.864928787,4.06581623,4.431574675,4.379542312,3.561323672,3.804227967,3.80080324,3.287099713,3.087210678,3.076241314
"sona",7.784135256,7.767986337,8.392665511,7.062427161,7.143318541,7.544766571,7.491923735,6.938606869,6.973693307,7.191511974,8.015404129,8.036392442,7.126884542,6.672334614,7.07004592
"Slik",5.764823247,5.480116361,5.814127243,7.02813903,6.692055794,6.244339862,6.147188058,5.961719912,5.894975443,5.82826538,5.530854131,5.695462083,5.508711129,5.550844261,5.509097823
"CG12851",3.972433493,3.909982472,3.992025316,3.992177133,3.877087985,4.090221634,3.354120061,3.354120061,3.354120061,3.873306446,3.928863836,3.985486887,2.902932166,2.915422718,2.898379856
"miple1",11.72550047,11.67136321,11.44248074,8.952943504,9.243333236,8.958963019,11.26321229,10.89304863,11.1317019,9.501237493,9.425447613,9.344535261,9.779430402,9.828855777,9.813560362
"Gr61a",3.316442522,3.676293685,4.07173756,2.419476945,2.419476945,2.419476945,3.002723208,3.052831573,3.804378904,3.307708089,3.30629904,3.284975719,3.779490589,3.409640141,3.647334896
"scf",10.59436649,10.40616581,10.41859491,10.20476654,10.14017154,10.13955396,11.00894518,11.22150295,11.15848721,10.24136072,10.36485571,9.765766489,10.18800754,10.27100745,10.17843692
"CG7991",5.124496574,5.247235673,5.104282351,4.014423696,3.882855356,3.927721984,4.305343218,4.462719916,4.937036284,4.890935076,4.836714601,5.170270205,4.66603631,4.975649907,4.657758213
"mv",6.471658979,6.735689697,6.692510507,5.866729942,5.134569057,5.591855534,6.096583764,6.11901985,6.254450534,6.43194806,6.619796975,7.069885345,6.442883315,6.490193278,6.147921018
"Tet",7.250144271,7.224616337,7.394373453,8.539320502,8.899685421,7.706369759,7.152419833,6.71675341,6.840460864,6.843780029,7.014144096,6.851132045,6.738332567,6.989659869,6.807568206
"CG11594",4.862278896,5.492119509,3.863028126,2.383729338,2.292931786,2.380198417,2.325577746,2.346788292,2.346788292,3.019371225,2.964999211,3.593516187,2.410211754,2.443204943,2.856348716
"Cpr64Aa",9.159317008,9.544499078,9.588044187,8.966382601,8.687866528,9.473064307,8.977686634,7.991917662,7.000903698,8.891301271,9.080302785,9.486250619,9.436556619,8.904647239,8.987104484
"CG12607",4.960291152,5.374110442,6.278790799,6.736132484,6.18295438,6.549743823,6.114143601,6.454455817,5.797124155,6.714642807,7.070512124,7.105480929,6.524008925,6.847383415,6.666296779
"NT1",5.041409359,4.95905369,4.92754216,4.037758832,3.945097325,3.459411237,4.200297029,4.728408109,4.873259588,5.129279748,4.793202515,5.332052522,5.005929705,5.158531001,4.954089915
"CG11357",8.323132555,8.467103868,7.965184781,7.703178914,7.969768705,7.328941495,8.434055215,7.147993586,7.749649549,5.098883314,5.277663356,5.01150752,7.395270084,6.648541897,5.693980152
"shep",4.254385913,3.925671891,4.327285335,4.240995333,4.201087694,4.039991074,4.02929768,4.090991335,4.201955664,4.256488393,4.274517924,4.247857736,3.277720254,3.302522033,3.168066733
"Blimp-1",6.758622222,4.959124178,6.042331184,7.11332675,7.026948441,6.022763544,6.348354786,6.892985132,7.124485875,6.019892887,5.255785472,5.56049739,6.171424752,6.471902288,5.760988856
"CG32407",7.138987149,6.631552793,6.952707794,7.041621706,7.125362764,6.69297858,8.06451926,8.064781143,8.11000675,7.371707554,6.850386719,7.143464795,6.765263944,7.125819448,7.029321501
"CG10467",9.240666767,8.216009564,7.992669348,7.562357565,7.176710875,7.552128499,8.323696992,8.173493231,7.991281236,7.846431646,7.359516083,7.735665889,7.727505897,7.263200335,7.325900045
"CG7386",5.847310423,6.255977708,5.800379605,5.556198607,5.584313226,5.4712144,3.560100473,4.536076839,4.898634933,5.745559787,5.811151117,5.810882616,5.467852176,5.495988962,5.36201312
"Tnpo",8.977016326,8.38045395,9.155180534,10.16102155,10.05367796,10.51526128,8.901882572,8.874711475,8.774530713,8.952156894,8.634901009,8.571273429,9.013992816,8.987577799,8.207722316
"sfl",5.75542332,6.455378446,6.196840375,4.12389505,4.030662813,4.709678239,4.911364799,4.838439321,5.003394622,4.38489239,4.081474321,4.705526192,4.36440514,4.43789676,4.661652396
"Acbp2",8.546638745,9.024551226,8.684307427,8.085897522,7.590938245,8.069155325,8.42705786,8.110546053,7.948688773,7.931736145,7.739675128,8.411386416,7.913275055,7.373052687,7.780321457
"CG32369",3.125737258,3.369734534,3.929252504,3.12571975,2.984114799,2.297070062,3.001826147,4.125571704,4.12291503,2.192711612,2.192711612,2.192711612,2.506015443,2.530415512,2.513927774
"CG13679",3.902510557,4.215747043,4.268677303,5.145615497,5.32400733,5.558230866,4.797464289,4.663103119,4.018603897,5.139015767,5.480123841,5.560858137,4.737817169,4.939357346,5.408704767
"PGRP-LC",5.39930934,3.806733046,4.907060473,2.424325438,2.89348271,2.424325438,2.832536161,2.65875299,4.363605953,2.655048137,2.663390427,2.663390427,2.429521631,2.452996885,2.632286458
"CG3552",7.11190406,7.358681785,7.183631381,7.452363971,7.223856222,7.499807157,6.7818092,6.776239133,6.359610415,7.379801395,7.459584807,7.42574406,7.41133902,7.88476114,7.654600145
"path",10.32032459,10.3194576,10.70091377,10.14724416,10.53380535,9.871083239,11.41728042,11.10902751,11.39741916,7.729198922,7.750561893,7.442955212,9.981186025,10.29693877,8.811188605
"IRSp53",4.010087993,4.421934613,4.066086519,2.968522138,2.715364069,2.850105003,3.465741654,3.356729677,3.434312404,3.866375834,4.022283021,4.264197099,3.354185712,3.651034955,2.938675183
"Lmx1a",5.564659573,5.608198112,5.734007863,5.202205185,4.819293755,5.187206943,4.347580502,4.528392039,4.511780364,5.655084023,5.719164724,6.011507953,5.06878217,5.138518548,5.441149037
"sowah",3.441754574,3.270917665,3.766667981,4.499574726,4.692640311,4.42651568,3.718902232,3.188270283,3.111759895,3.234047741,2.934679303,3.3039666,3.336294007,3.158214181,3.342474561
"CG14107",3.450867859,3.295364979,3.175341786,2.383738548,2.621165153,2.315925091,2.226741308,2.217508729,2.226741308,2.952561899,3.109285158,3.063412613,3.815188858,4.031301337,3.894288456
"Hml",7.74239673,5.783827479,6.053172288,4.126715597,3.660000401,4.513630822,5.239420765,5.182504387,4.721923127,5.668443415,5.192173653,5.65338864,4.747753455,4.395892397,4.955803506
"CG7768",5.568232471,5.033069881,5.001571614,6.935110091,7.023272823,6.965252999,6.597153262,6.373057607,5.041495481,6.994501377,7.191121366,6.915320418,6.983505765,6.981033172,7.040715133
"CG17839",5.531418211,5.664256305,5.768636829,5.006627622,4.962317816,4.901970819,4.839524838,4.745441143,4.812909232,5.682523627,5.736709409,6.094083113,5.296842033,5.240652359,5.489681094
"CG7650",6.418049166,6.302540639,6.48202131,3.332753113,3.353587252,3.257581412,3.564277197,3.564277197,3.717821133,4.654402659,4.306225207,4.240676616,5.350118686,4.865056296,4.972124989
"Pka-C3",7.315948383,7.30776085,7.291190009,7.247481898,7.818321907,7.301998369,5.582271794,5.675741263,6.349187736,7.533125448,7.292883278,7.285621694,7.183995476,7.403175468,7.176507163
"CG17026",4.261505271,4.273671718,4.547500333,4.079696374,4.376141592,4.47092465,2.803340182,3.003466876,3.017769225,4.607989153,4.671637051,4.583430316,4.137991436,4.071567072,4.773579235
"CG17029",4.033344834,4.347666265,4.316980919,4.055965088,3.581447064,4.055965088,3.092017504,2.983276149,2.904071803,4.406761872,4.200017837,4.714129026,3.805705474,3.777875694,3.920071475
"CG5830",10.34531252,10.51191248,10.64642908,10.29999476,10.28678507,10.33436688,8.983089567,8.97621737,9.072979609,10.52077304,10.44943459,10.4904733,10.19194676,10.24371125,10.32582176
"Notum",3.493566819,3.49499739,3.49499739,2.828705579,2.768554599,2.768554599,2.326406689,2.27544731,2.326406689,3.513256441,3.490443433,3.582735719,3.354156141,3.388824098,3.267507055
"CG13046",4.612609531,4.463430051,4.584757024,4.271468143,4.630533449,4.503579502,5.495927625,5.257532745,5.56925663,4.4560687,4.062503721,4.408353174,4.171168749,4.266227645,4.242212617
"CG13044",8.374902256,8.814066767,8.777308829,8.979109167,8.907223388,9.267719951,8.135868807,7.774756837,7.362902497,9.020684554,9.139261925,9.427776592,8.546910551,8.714940733,8.688516773
"dsx-c73A",3.267906407,3.227687066,3.641423949,3.645772587,3.904581648,3.632821363,4.812628936,5.52966114,5.958251605,3.603306385,3.249641988,3.276328653,3.65443504,3.395922482,3.223437207
"CG13023",5.859706932,5.889236913,5.515988462,7.546579221,7.389826701,7.323776211,7.776120366,7.741090066,7.633597445,7.153774798,7.093181633,7.188107004,7.529375566,7.606760814,7.633636284
"GNBP2",5.029076251,4.971993349,5.137524734,4.327452756,4.324422148,4.302898765,5.227502739,5.570642124,5.585912632,3.790732125,4.179062107,4.000486656,3.661310952,3.495317439,3.55516253
"ftz-f1",5.550626786,6.502077883,5.855804669,6.159522889,5.793932141,5.295702871,4.934759492,4.727377547,3.71082294,5.882992564,5.193872351,5.6730812,5.585957122,5.055461394,5.123257684
"pip",2.743305721,2.745641011,2.739411822,3.068631257,3.531484145,3.600061242,3.884546724,4.062005077,3.624395771,2.747622063,2.745257212,3.273227865,2.458911454,2.478844496,2.466345405
"CG9279",6.061936458,5.945244368,5.960758004,2.262842638,2.264124135,2.264124135,5.740159196,5.823733279,5.746493257,2.624371785,3.043539568,2.880395492,3.506913772,3.477830728,3.350291324
"Shal",3.378098634,3.14637191,3.574816064,4.633491726,4.722558374,5.074993166,3.836097389,4.051963932,4.080102603,5.070056094,5.106914648,5.100317347,5.091676359,6.03422335,4.125374515
"wnd",8.828267622,8.877790024,8.915311129,9.934794081,9.888251951,9.964497622,9.947955122,9.788381635,9.836476894,10.00393187,10.24114384,10.05266221,9.94772106,9.919526132,10.01896347
"Oat",8.437352637,7.977414594,7.810914779,5.393479423,5.674462266,5.68191036,8.146637715,8.113548038,8.105198495,5.82227258,5.99759909,5.7134536,5.761003818,4.619358776,5.288444118
"Ir76a",3.805034261,5.336847119,4.926965181,9.040942257,8.797651714,8.928481189,8.910407908,8.887074553,8.75568218,8.816880667,9.042149799,8.70447526,8.81376976,8.926009722,8.912467191
"Gabat",3.177937836,3.408059012,3.387435359,3.304329262,2.976848069,3.270735947,5.835199821,5.976915399,5.835882191,3.304837624,3.348128396,3.361932014,3.644808269,3.674434109,3.685037179
"CG7328",3.646624823,4.022758013,4.152815566,5.725293144,5.735375048,5.791055033,4.050582537,4.195677713,4.226318229,5.365176044,4.978276552,5.352274413,4.786880399,5.66216692,5.673679276
"CG42674",5.416767782,5.177972111,5.335763757,2.37845138,2.293028016,2.231045663,2.700115862,2.870942679,2.995876416,3.77728694,3.625246963,2.629765998,2.811234223,3.090153857,2.994346854
"CG5618",7.440605005,7.865919407,7.416420954,7.770377449,7.731347713,7.705462688,9.695552725,9.729219542,9.719301665,7.31407618,7.803364926,7.831663043,7.315734069,7.658206178,7.466907217
"atk",4.451370557,4.422484756,4.508100915,3.727553872,3.958572982,3.676804533,3.234481323,2.72511509,2.855022728,4.458517838,4.458517838,4.846652331,4.043806982,3.933471273,4.049249659
"CG5955",5.576186326,6.14316646,5.603710349,5.756020888,4.641479698,5.64047484,5.469712947,4.390049613,3.671190781,5.585095214,5.664515688,6.24610924,5.980084144,5.366174106,5.868691061
"CG32425",4.120192316,4.309850134,4.08242417,4.22026558,4.204527757,4.555961657,3.126839189,3.47088102,3.339783666,4.108765962,4.111203827,4.106190231,4.538108203,4.31553435,4.457365558
"CG11399",9.160933811,9.366634729,9.265494026,8.847398257,8.925034373,8.860169157,7.953749581,7.849174571,7.865073523,9.222381086,9.248604497,8.978550969,9.088364851,9.042697326,9.082856147
"Eip78C",6.368435143,5.823787202,6.26478398,7.262364047,7.256510443,6.753052529,6.98142828,7.31724178,7.654788479,7.615330326,7.246149363,7.34205415,7.592786084,7.661561186,7.47007873
"Glg1",7.980838732,7.699757329,8.076073925,6.778956526,6.936676784,6.984101035,7.399136942,7.75850413,7.704755249,7.44075723,6.767318807,7.312156141,7.036939327,6.695657368,6.813005529
"CG7173",3.449012806,3.27831394,3.176167929,4.235011988,4.864336992,5.21461601,2.373460824,2.339382521,2.481079261,3.399768246,3.554928463,5.0043044,5.219227545,4.071193374,4.709331866
"CG14566",5.782183121,5.814282769,6.374815794,5.969138162,5.609646702,5.814891418,4.966893652,5.242154884,4.213346656,5.655097996,5.930663543,6.662219563,6.28508785,5.973133715,5.831628938
"nAChRalpha4",5.126854547,5.155359904,5.309025391,6.259266858,6.160880722,5.474409414,5.392947382,5.201915238,5.201760603,5.494398348,5.157130439,5.097106608,4.767975122,4.592009869,4.237025794
"CG14642",5.16572398,3.83665785,4.032142649,2.684395658,2.471327157,2.49417931,2.830703389,2.75954017,2.967891868,3.186375263,3.055645464,2.949335219,2.497108845,2.430648276,2.533461264
"CG1092",6.509956177,4.41553673,4.37869999,3.351290165,3.416021844,3.428880335,3.833015113,4.415724272,4.568674231,3.582318563,3.567158115,4.219325624,2.995263554,2.979373757,3.033638612
"rpk",4.987962735,4.754597114,6.080671543,4.496292103,3.96451828,4.480034555,5.638539231,6.281188781,6.982985099,4.814836117,4.931618761,4.8889181,4.931097442,4.539959965,4.67751998
"Cdep",3.588640873,3.011598804,3.236811773,4.673177977,4.360035352,3.43897267,3.096797863,3.166981767,3.07256992,3.226252954,3.259248517,3.230251349,2.807901911,2.89399012,2.805135149
"CG14662",3.472378815,3.520327925,3.420225997,3.463406205,3.300537535,3.336044489,6.595898567,6.121688658,5.91463981,3.53692671,3.92326478,4.331294327,3.597199779,3.563011116,3.505811754
"CG11999",9.803268026,9.69779215,9.642002814,9.78849374,9.665324473,9.730898808,5.81212909,5.5125802,5.470761861,9.843427005,9.831567409,9.806780589,9.767722236,9.955301779,9.878048034
"NKCC",8.490953361,8.155845485,8.423968244,7.927733942,7.887718319,7.737586657,8.423775018,8.458126349,8.403466698,8.879449375,8.718715477,9.023803133,8.188629194,8.354751278,8.468207558
"CG31559",4.92295791,4.923090478,5.060541155,5.299488394,5.720950854,5.342627083,5.144120407,5.476366126,5.932564722,6.272256217,5.105158661,5.285974164,6.381891552,6.414931077,5.84389195
"Mlp84B",3.325313262,2.956956999,3.235238302,3.4527792,3.450322911,5.43368323,2.913959971,3.523486988,3.192794761,3.151239179,2.963606265,3.42651265,2.933785131,2.84196075,2.89716467
"CG31248",5.189637814,4.087253079,4.503815952,3.158360563,3.154884098,3.22535598,2.557705505,2.648275874,2.873126163,3.7997531,3.537381164,4.254846959,3.068794167,3.23556103,3.164837907
"gfzf",5.718522468,6.039184406,5.923814271,4.937241551,4.646138147,4.644759111,4.780635048,5.159167486,5.009367955,5.395562922,5.913765343,6.602177787,5.571463583,5.608934181,5.253455592
"Sas-4",4.663498504,4.772519374,5.098978803,7.621379416,7.33573044,7.826493746,7.59369229,7.495892863,7.417931462,7.443261367,7.616104829,7.790388829,7.704127011,7.759180723,7.583342766
"lap",6.880390019,6.430462283,6.89776376,7.905916125,7.861856275,7.443522756,6.249324778,6.341943891,6.3905703,6.355958532,6.028939856,6.525596618,6.157908633,6.261228455,6.205901916
"Gld",6.229117374,6.717978434,6.680485589,5.97377249,5.898799787,6.26288343,5.40250855,5.479497841,5.319204128,6.370954004,6.655799683,6.353796893,6.378811146,5.669431584,5.720038536
"CG2993",5.253620244,4.077192001,4.772559321,4.017826393,4.019868716,3.970710452,5.75237888,5.695651006,4.686525654,3.978768261,3.978960877,3.999082395,3.598434877,3.599443945,3.598434877
"CG10445",2.549846143,2.603325594,2.591869115,2.378264332,2.378264332,2.378264332,3.385886678,3.371770216,3.371770216,2.57965159,2.57965159,2.888594738,2.376474709,2.376474709,2.376474709
"CG7900",7.352637962,7.571902743,7.42382867,7.763289717,7.737880011,7.963657088,2.192624014,2.346856749,2.180955343,7.993295168,7.794538214,7.842533627,7.727244714,7.811469692,7.801545279
"Coq2",6.712498166,7.124200071,6.75097747,6.957818063,6.947223474,6.840459078,5.81466975,5.758715717,5.732447971,6.865903427,7.087250226,6.92852487,6.71992481,6.786903255,6.951389282
"ouib",5.958132062,6.44758869,6.848617558,6.061318063,5.981408094,6.051643954,5.485653759,4.992828301,5.195352473,6.244626835,6.115679252,6.403419033,5.387712309,5.357218719,5.426815205
"CG8420",7.562016055,6.561086231,7.009231677,7.513246856,7.852182902,7.448969879,8.410980178,8.64973245,8.944462814,7.739841482,7.470773991,7.594637616,7.981612693,7.736584815,7.654655942
"CG8301",3.476220295,3.644982951,3.471298029,4.47279182,4.031025758,4.472033557,5.272538777,4.975670399,5.043152379,3.918366846,3.86726272,3.851991676,3.511474577,3.326378897,3.295949609
"alphaTub85E",5.946165622,5.944149943,5.865515239,6.319495333,6.45578198,6.336963835,8.276788522,8.62637915,9.19339434,6.118978545,5.956190203,5.85033198,6.04817939,6.388724805,6.168535102
"CG12947",5.421768926,5.660877405,5.58055666,3.372302869,3.261000856,3.386192604,3.915154364,3.902331993,4.108093124,3.703769425,3.525938,4.485533603,3.772204882,4.154202317,3.893036278
"MtnA",12.96291899,13.0174648,12.98292399,11.50335771,11.40412944,11.50421166,12.5849051,12.70370728,12.48070911,11.7828051,11.80418373,12.05817696,11.04745115,11.34285907,11.19611593
"CG8516",6.215587006,6.50225902,6.518185293,5.529330153,5.236890164,5.40567003,5.447412752,5.609092915,6.246482131,6.344622765,6.252125424,6.738986893,5.964027853,6.184171531,5.763784789
"gammaSnap2",4.721784647,4.445936676,4.75695496,4.258571164,4.213155007,4.301252069,4.485502868,4.533605574,4.095834036,4.419387188,4.446091589,4.308701355,3.545781793,3.746384812,3.561643495
"CG6293",6.105930502,6.256916246,6.175569046,5.301664327,4.673233112,5.195929672,5.44797894,4.131242701,4.431344275,5.84143459,5.336208591,6.010995165,5.297535741,4.577586541,5.450127128
"Cyp12e1",7.093356008,7.192389977,7.321018548,6.775522067,6.467588626,6.968191517,8.005269981,7.888165151,7.750437365,7.193516954,6.906467988,7.224944737,6.626481279,6.357985915,6.842884191
"TkR86C",4.170359503,4.212133974,4.213144388,3.202167605,3.29909016,2.900737195,2.511739159,2.444299236,2.556195719,4.271103175,4.125607957,4.359822725,3.971408055,4.213476725,3.978143042
"MED7",9.649463779,9.658799896,9.60002376,10.64086192,10.52921336,10.63523398,9.570602864,9.62670357,9.512781251,10.68764323,10.74467663,10.75251717,10.49470884,10.65053996,10.58698588
"Cap-H2",6.415252262,6.79022417,6.877429672,7.499030417,7.34883138,7.482759882,6.268619924,6.214713394,6.288607155,7.706525107,7.630148114,7.924540395,7.801995174,7.53424807,7.667043677
"TfIIFbeta",10.33889061,10.22373727,10.33712662,11.36948604,11.26868992,11.33398488,10.27653936,10.1881276,10.14312789,11.33708155,11.35782847,11.35831715,11.25701254,11.38112536,11.38928314
"Rbp1",7.411877806,7.712053868,7.64899677,6.263884764,6.233117939,6.281336582,7.435322525,7.487907386,7.512526282,6.589641936,6.360200568,6.497693551,6.331406002,6.333478572,6.460289347
"CG14687",10.68382448,9.758275919,10.16617429,7.804062968,7.994500031,7.715230228,10.66213276,11.11521764,11.11483799,8.29377497,7.966274475,7.988888878,7.982662651,7.764355907,7.76160954
"sals",3.357726675,3.395748457,3.359218669,3.807847926,3.732760383,3.755972713,4.122147417,4.523729161,4.278577584,3.360225122,3.571790025,3.068849384,3.080117623,2.974320197,3.067184738
"svp",8.973643314,9.00623166,8.998790237,9.038775945,9.228085018,8.880052016,7.509559288,7.383385251,7.402766387,9.008236486,8.917791131,8.898103774,8.965866662,8.851497705,8.603607152
"CG4115",7.802441447,7.763347957,7.646780941,7.783853375,8.08797442,7.866042604,6.695729533,6.501367767,6.298720324,7.736694126,7.708769413,7.645026743,7.70921642,7.867430842,7.74200938
"DNAlig3",8.333990888,8.287521051,8.342482431,6.879044262,6.813780742,6.923459883,6.907391787,6.896984788,6.826404855,7.354785526,7.180116805,7.257396947,7.212722123,7.170850786,7.093516355
"Cyp9f2",7.741277169,7.839868918,7.806866186,6.305241071,5.928190554,6.392132144,6.897643513,6.594158622,6.514672936,6.31262177,6.264234105,6.748898129,6.202784363,6.004322581,6.421512796
"pps",5.63905983,5.843141008,5.966144205,4.374043524,4.513878192,4.761012991,4.897657224,5.083663723,5.249376474,5.437418251,5.820949699,5.807512086,5.004709874,5.249512991,5.166988927
"NijC",4.873903279,4.499451446,4.886521483,3.551652778,4.037831128,3.786754036,4.723384459,4.716116117,4.830281374,4.806125598,4.923528665,4.714271653,4.142766699,4.401089362,4.767324451
"Past1",9.627619999,9.471709806,9.528207055,9.443594126,9.346721363,9.663426349,10.76913817,10.8576972,10.78593154,9.445078025,9.387561746,9.336819241,9.466477339,9.572789754,9.252231168
"CG10126",9.265686474,9.281874021,9.25998547,9.611724516,9.939041599,9.693526904,8.812264497,8.684021825,8.658436169,9.673443733,9.742259381,9.823918957,9.247362674,9.382405582,9.410894338
"yellow-f",5.797702476,3.451048715,3.596939533,2.745902695,2.929362724,2.929362724,3.014546221,3.274818111,3.99735938,3.813795618,3.912672839,3.32127379,2.867437848,2.866942388,3.086325477
"CG11668",4.745917636,4.895346197,4.819333468,2.596128851,2.575368273,2.586915566,4.804134366,3.981053368,3.670497973,3.409135605,3.70110759,3.562390791,2.786225143,2.747305451,2.747305451
"Hsc70-2",9.494396922,9.363019195,9.372992081,2.177728981,2.177728981,2.177728981,2.180955343,2.180955343,2.180955343,2.176269893,2.272271634,2.36024531,3.413736528,2.322239931,2.314858852
"sqd",10.27074935,10.24041278,10.18771238,11.666194,11.67356211,10.62832043,10.25195222,10.16537675,10.14159624,10.25621079,9.826203935,9.855402325,9.92081757,9.946796331,9.645936046
"B52",6.66770264,6.145330278,6.644157937,4.295657848,5.292867351,5.011530827,7.350810935,6.667005568,6.742965853,3.013381269,3.204899345,2.986804133,3.915106706,3.571466417,3.062642994
"CG8066",3.795846551,3.972011201,3.994287384,5.358195526,5.168748831,5.347578274,3.90157834,4.121049009,3.778358091,4.935026404,5.000274416,4.793895382,4.102290922,4.14773634,4.196757395
"Cys",9.479739502,9.538437204,9.541606629,8.475016739,8.275298163,8.299815381,8.715890157,8.775974769,8.738073424,8.408105206,8.21856005,8.390859546,8.527883247,8.118008097,8.728857401
"CG6912",4.479435849,6.656044829,6.131953316,9.091962054,8.909219498,9.079505779,4.283636713,6.07426204,3.212358442,9.211744527,9.254310295,9.454697228,9.096795255,9.162259391,9.043603743
"Mf",4.828901887,4.831033273,4.79432964,5.678655083,5.009236056,5.582057001,4.55443268,4.516475655,4.540574633,5.563170055,5.584965517,5.711927919,5.279264363,5.515914263,6.094325933
"CG5399",5.809140813,4.896789025,5.252592331,5.112285653,6.894886487,5.530614419,4.287127667,5.566149571,6.245780118,6.502871053,6.095032651,6.565464856,6.420728495,6.338741057,8.472967058
"CG10407",6.896110501,6.961992171,6.821855843,6.568610791,6.31220632,6.622601738,5.920696941,5.759146242,5.549759046,6.644803806,6.786563415,6.89136431,6.450536515,6.232701881,6.355962909
"Zip89B",3.193052092,3.247049785,3.247049785,3.480322378,3.755854452,3.345767312,4.273604791,4.255681297,4.644006763,3.291029052,3.241919015,3.494220412,3.084897315,3.144059149,3.46190048
"Irc",5.835385067,5.982931316,6.211449248,8.146734422,7.919205151,7.929726063,6.432635623,6.704976777,5.85970159,8.145161266,8.226558651,7.637580621,7.664968878,7.766211078,7.401805998
"CG18213",6.14911297,6.767864754,6.785956401,3.904983095,4.08100581,3.969826803,6.576870287,6.318881005,6.759806841,5.497093071,5.481242301,5.546268075,6.469243215,6.265619391,6.178913547
"Brf",8.007116361,7.873199617,8.185193053,7.427385298,7.469245625,7.482977516,4.938733052,4.858183664,4.646218732,7.862423003,7.805624374,7.954959759,8.35291103,8.267286567,8.247438463
"Dscam3",6.249143164,5.985267951,6.019187759,4.853775255,4.526793083,4.800679255,3.320754578,4.277165337,4.273571899,5.521808455,4.806639591,5.423692433,4.699563779,5.006483023,4.426558085
"Hmx",3.337679604,3.359889631,3.448465973,3.581526689,3.995844265,3.581526689,3.250584703,3.254858882,3.254858882,3.375866235,3.364158432,3.365989431,2.493836244,2.651754673,2.493836244
"CG43102",4.936616407,5.53784323,5.380896116,4.868165532,4.631274973,4.980175338,4.466058906,4.621061512,4.296664571,5.447712802,5.447712802,5.57624399,4.835412381,4.597804065,4.962678895
"tinc",3.711657948,3.660064686,3.871679075,2.673642208,2.673642208,2.663733784,2.902500015,3.026665707,3.026665707,3.711657948,3.711657948,3.711657948,3.579610732,3.579610732,3.596582764
"CG18599",3.119769347,3.204352875,3.116941614,4.867505924,4.892692598,4.986225062,4.770593617,4.853298917,4.643259794,4.745848897,4.318143068,3.718924575,4.147193239,3.95514898,4.07394356
"CG31235",4.474161297,4.297929072,4.314224169,4.900054761,4.853438,4.87518445,4.428643636,4.543345268,4.668200451,4.538839592,4.788693544,4.531347352,5.382809156,5.54490616,6.028421891
"fru",4.956943742,4.714159254,5.609108318,4.23637389,3.712472592,3.290849988,3.523986674,2.395819722,2.615875482,2.921155271,2.572242619,3.192929198,3.871714107,3.673256992,3.720184878
"CG7720",7.69038834,7.07310339,7.140132481,8.510932329,8.76725338,8.445070982,8.714614594,8.90444887,8.888168992,8.872397627,8.62827342,8.598188334,8.336387394,8.688296745,8.359493002
"Cyp12a4",4.177433581,4.874832045,4.841074002,3.872571019,3.857650121,3.927592902,3.745341826,3.509284258,3.134994561,4.517971457,4.290101824,4.723009076,4.192194869,3.692802487,4.158022842
"CG13857",4.050821355,4.49600699,3.580891012,6.136720458,5.35019963,5.389172061,6.253318374,5.214676231,5.509559593,5.202327297,5.491418625,5.209945258,4.503725399,4.549754505,4.802243049
"lqfR",4.207581424,4.087579439,4.41329351,3.203607799,3.222753212,3.075641981,3.139499517,3.173405263,3.459699633,3.989921604,3.245425353,4.378459494,4.032171098,4.317910091,4.240523564
"CG45049",5.727029586,5.445144104,6.368247448,4.443491286,3.8372033,4.253554614,4.254491533,4.200332866,4.198939552,4.768238712,4.609762036,4.560731923,4.586026291,4.208506782,4.764616535
"CG6660",3.569474511,4.369589988,4.631487193,5.625627448,6.668775935,5.963106672,3.963949495,2.956979681,4.23424279,5.020917553,6.282921265,6.122095552,4.462596239,4.545473633,4.448829533
"Cow",5.197368227,4.884170766,5.451389904,6.6111006,6.167967135,5.243651012,5.150512573,5.246980674,4.991022307,5.279290347,4.833577796,4.954985324,4.847790348,4.653107764,4.903371317
"GILT3",7.211883749,6.451828655,7.227913156,2.614249357,2.656559234,2.616706163,2.812079085,2.803404163,2.805155543,3.946473099,3.542572519,3.621692169,3.587250766,3.397561665,3.770230677
"sosie",4.841557038,5.253873678,5.202857927,3.958347867,3.83449934,4.140603684,5.108273098,4.68057182,4.226782492,5.164442807,5.25856704,5.202857927,5.072983632,5.168363338,4.670240474
"Elal",3.000526875,3.229046051,3.350631198,2.78839433,2.774181927,2.85001742,4.196734213,3.550822295,3.175434255,3.260908664,3.213168276,2.750252744,3.973354323,3.88602769,4.356512846
"CG10550",3.76605352,4.850678746,4.776299837,3.689514305,2.742144834,3.639679221,3.528426774,2.955918905,2.478784815,4.661187198,4.254897589,4.701696687,3.353502128,3.264801585,3.500137529
"CG10669",3.883306283,3.878698853,3.878698853,3.182318048,3.143722804,3.164805193,2.816464168,2.515314827,2.832940015,3.878698853,3.872939565,3.878698853,4.107634766,4.131804827,4.125267827
"Tl",3.744989253,3.475273755,3.863535311,2.638297241,2.679989495,2.638297241,2.989245564,3.028005854,3.742103904,3.297472121,3.27328925,3.27328925,2.410733487,2.441242674,2.592585594
"eater",7.453913876,5.535676492,5.695918208,4.295514644,4.459364271,4.641012812,5.404097379,5.404097379,5.820891728,5.535676492,5.099650597,5.39983724,5.18135155,4.644058069,5.024355241
"grass",7.578069099,7.273056496,7.646859522,6.910552639,6.979829752,6.981078646,7.740979462,8.804016506,9.465454482,7.139651945,7.214356624,6.985758016,7.050001289,7.168386175,6.912369296
"Tusp",4.547124016,4.673427818,4.769696467,4.106985751,3.655338396,3.388056804,3.515304812,3.986633266,3.98873469,4.663611251,4.68597715,5.005727002,3.771844347,4.171343242,3.637618937
"unc80",3.46571495,3.570278657,3.704075505,2.693632644,2.595795989,2.802082881,2.635344757,2.636339847,2.632983521,3.522031229,3.614799615,3.955294562,3.293411959,3.284660568,3.276276016
"Nepl21",4.530884563,3.90318163,4.222060122,3.932807951,3.862005009,3.538980292,4.695966277,5.221932464,5.108311065,4.793195453,4.283891142,3.97070759,3.81904248,4.076198722,3.677811989
"wat",5.181627823,4.78138169,5.535909402,5.207341556,5.263771767,5.154115509,5.056852164,5.052119963,5.266205682,5.215189248,5.22332923,5.183273367,4.284946577,4.263356088,3.696219652
"Sas-6",7.359966684,7.798255946,7.705371491,3.312471157,3.18744345,3.140010137,7.527852353,7.608235781,7.314719161,7.6342908,7.746465515,7.81967217,7.613190002,7.637416005,7.712344704
"CG15531",2.321139225,2.52254271,2.337841157,3.756346201,4.990021725,4.277282296,2.406909392,2.39911133,2.434281367,2.45886591,3.80775729,2.994736678,2.251330358,2.197739001,2.197870308
"nej",3.736566321,3.582236405,4.074760386,5.176110156,5.385490888,7.274183826,3.597635079,3.605558933,3.597635079,3.717184871,3.78638182,3.63535584,4.195380015,4.289351083,4.194225811
"cas",7.874920004,8.63265105,8.594914006,8.441908052,7.975028881,8.176882244,7.723089666,7.39782762,7.322640355,8.655367035,8.477570315,8.75549854,8.221724553,8.130163703,8.304661458
"bgm",3.044076681,3.005968706,3.018080854,3.420507522,3.470203827,3.415643593,3.979335423,4.47906752,4.769778325,3.324848158,3.044081639,3.044076681,3.822696452,4.415352322,3.624969896
"Cbp80",8.094497445,8.624976499,8.233233509,8.409064152,8.784718249,8.213949591,8.378367302,8.276710971,8.255680149,8.305621704,8.528425796,7.94352255,7.488984045,7.518630094,7.193656365
"lola",5.027285853,5.097794916,5.112100145,4.140841733,4.113351142,4.084181662,4.941304051,4.987704901,4.952326207,5.088497998,5.082943859,5.227634539,4.736580207,4.695837177,4.733036483
"DNApol-alpha60",7.301687604,7.5050347,7.537861345,7.192412505,7.121649998,7.202875207,6.505326246,6.495134031,6.381526226,7.367525021,7.130853489,7.378986291,7.618230397,7.507577038,7.491940756
"Eip93F",4.049324063,4.023286563,4.03366818,3.196303316,3.220428857,3.093492047,3.543405314,3.464277906,3.464277906,4.023286563,4.023286563,3.968529914,3.031574586,3.031574586,2.57700147
"Lcp65Af",3.557273953,3.581981997,3.933301735,3.059172017,3.123694965,3.135539242,2.626867052,2.471330315,2.3504719,3.650788004,3.546395889,3.767662616,3.89330173,3.034536751,3.815593587
"Spn43Ab",3.335785987,3.644135309,3.689332553,3.089398543,2.425190158,3.314798891,3.642192991,3.118665154,3.121382325,3.124437684,3.612328138,3.657722768,4.015596527,4.020250309,3.973217672
"dib",5.552105495,6.301855327,6.282312036,6.145935463,5.570119865,6.315067562,4.957447581,5.58687116,5.214204783,6.698168039,6.492866095,6.254183309,5.935254119,6.177955423,6.314334317
"fz",2.924586027,2.393702885,4.234128639,2.183016072,2.183016072,2.183016072,2.773095219,3.545541202,4.913078927,2.294984935,2.294984935,2.294984935,2.273700569,2.415947333,2.294345022
"trol",8.186256286,7.634495086,8.130388539,7.525018495,7.200884595,6.939971692,6.72559669,6.694722288,6.653473398,7.011656636,6.706001706,6.941318232,6.522136572,6.633383243,6.328206877
"Cyp4p1",6.326739176,7.179362672,7.361432211,7.295913532,7.930246441,7.622343036,8.07031403,7.708161894,7.874224822,8.448448639,8.692806997,8.739386937,8.319522226,8.041732293,8.065410215
"Pdp1",4.852602461,5.385173744,5.036689197,4.264969721,4.617504881,4.066425705,4.670973552,4.546313601,4.471485634,3.914606873,3.549075603,4.076943058,4.458330567,3.47751517,2.745641593
"Ccs",4.275177117,4.297611021,4.280665406,3.596043874,3.586318011,3.436428107,3.319262909,3.470091526,3.320698304,4.274571687,4.275402302,4.274638957,4.325831323,4.519446106,4.347630984
"l(2)03659",3.796651648,3.690878087,3.570235885,3.73368285,2.770071944,3.320050464,2.765435129,2.59571915,2.771261831,2.237183117,2.205141551,2.237183117,2.429035922,2.429035922,2.415132279
"GstD3",11.07945833,11.18440574,11.10758025,10.14127606,10.27325951,10.18556159,9.900114589,9.82850096,9.714503695,9.879377173,9.951375619,10.03598418,10.12509573,10.07446418,9.992754014
"Hrb87F",11.51229446,11.89671114,12.01694064,13.12565338,13.12077283,13.13613357,12.78607143,12.8831446,12.86863208,13.35165313,13.21680898,13.29094122,13.12576199,13.30562151,13.26801982
"CG45263",5.295382151,5.22253326,5.4437845,3.961308345,3.396471726,3.935294882,3.868511472,4.030809746,4.275089546,4.942465344,5.226857576,5.558678021,4.338735597,4.902884324,3.778708004
"CG13631",6.319668138,7.024090675,6.685789748,6.321956921,6.387748494,6.787016963,6.233893274,5.811723158,5.139170828,6.555645846,6.806543402,7.084841303,6.4389599,6.02540224,6.35474117
"CG13053",5.988899371,5.287205933,6.354549802,6.183968712,6.923087188,6.455586896,7.791945323,7.78653433,8.066557718,6.971811034,6.846215789,6.62021688,7.119748227,6.958903193,6.597084938
"Nplp2",6.854465422,5.297639385,3.963891555,3.238276449,3.449344783,3.521821622,4.851135664,4.655986536,4.043025087,5.250403791,3.554206242,4.776709491,3.790457924,3.002934231,3.672006837
"CG8012",4.506212488,4.218977812,5.311856341,4.625834818,4.970382722,5.310342257,5.808031702,6.11178772,5.864497633,5.770735449,5.590161999,6.35555693,5.469421779,4.781921025,5.70942917
"Ugt302K1",9.543043031,9.472454586,9.587025359,7.5045023,7.802740607,7.681979409,7.920186889,7.838540083,7.834670202,7.92131522,7.636060018,7.684235833,7.458523086,7.512070394,7.623343143
"Drgx",3.215376384,3.064306438,3.232562778,2.987038058,2.932139076,2.83785403,2.384358916,2.383150417,2.383879106,3.424457768,2.832726586,3.296970759,3.464486852,3.768765908,3.464486852
"CG34232",8.844370745,8.61766355,9.062430253,8.106736835,7.734073106,7.840713449,8.535864364,8.358498943,8.234090163,8.382172726,8.235922668,8.437272344,7.868690772,7.855416488,7.749652922
"Nox",5.42238316,5.64273325,5.612549921,4.536914172,4.409479199,4.704500997,4.455818678,4.446912254,4.359586185,5.127073785,5.417536932,5.454895001,4.499473692,4.48200682,4.440623485
"bma",4.959214496,4.898894059,5.680733734,5.5739323,5.497126974,5.748865785,4.374280506,4.267138618,3.672096139,5.863602882,5.823563073,5.816377853,5.213546117,5.596710674,5.528893458
"CG34247",7.637438144,6.719253953,7.187784941,6.671698534,8.110370368,7.253987496,8.174600513,8.654203019,9.207122862,7.72787831,7.745296529,8.184568606,7.398351725,7.580599312,7.115685415
"futsch",9.67897347,9.53874047,9.640312568,9.953136173,9.536273718,9.877073139,9.567775836,9.58972398,9.460587055,9.613966358,9.371891299,9.563222186,8.759733476,8.711852028,8.790423058
"CG34166",4.541315441,3.73755238,3.716922544,2.917755269,2.942298515,2.650512731,3.078550551,3.07167455,3.082046107,3.672113234,3.713073432,4.679593831,2.618326185,3.394513432,2.913548008
"nvd",7.187170049,8.009488815,8.191728224,8.53758279,8.39791818,8.767953903,7.771189371,7.454030118,7.095042721,8.830430378,8.888845171,8.895341017,8.382378331,8.629518253,8.855539748
"natalisin",3.600515888,3.740905518,3.600837985,2.464442684,2.36228517,2.591795524,2.670950579,2.670950579,2.670950579,3.600837985,3.600837985,3.600837985,3.386287605,3.386287605,3.386287605
"CG42259",8.149148323,8.301593445,8.266906608,8.047533757,7.744700417,8.184054553,7.861702065,7.997573949,7.908430093,8.129403989,8.212546122,8.571621366,6.953311801,6.903587636,6.73098807
